;group_1;group_2;group_3
internode_length;7.519913;6.447198;8.416074
leaf_area;117.60416;104.79263;140.77513
elevation_angle;49.4359;40.56585;54.53913
